{"assets/background-asset-1.svg":["assets/background-asset-1.svg"],"assets/background-asset-2.svg":["assets/background-asset-2.svg"],"assets/logo-white.svg":["assets/logo-white.svg"],"assets/logo.svg":["assets/logo.svg"],"fonts/Montserrat-Bold.ttf":["fonts/Montserrat-Bold.ttf"],"fonts/Montserrat-ExtraBold.ttf":["fonts/Montserrat-ExtraBold.ttf"],"fonts/Montserrat-Regular.ttf":["fonts/Montserrat-Regular.ttf"],"packages/cupertino_icons/assets/CupertinoIcons.ttf":["packages/cupertino_icons/assets/CupertinoIcons.ttf"]}